continent,year,lifeExp,pop,gdpPercap
Europe,1952,53.82,2791000,973.5331948
Europe,1957,58.45,3076000,1353.989176
Europe,1962,61.93,3349000,1709.683679
Europe,1967,64.79,3585000,2172.352423
Europe,1972,67.45,3819000,2860.16975
Europe,1977,69.86,4086000,3528.481305
Europe,1982,70.69,4172693,4126.613157
Europe,1987,71.14,4338977,4314.114757
Europe,1992,72.178,4256013,2546.781445
Europe,1997,73.244,3607000,4766.355904
Europe,2002,74.09,4165416,6018.975239
Europe,2007,74.852,4552198,7446.298803
