continent,year,lifeExp,pop,gdpPercap
Africa,1952,37.003,420702,4293.476475
Africa,1957,38.999,434904,4976.198099
Africa,1962,40.489,455661,6631.459222
Africa,1967,44.598,489004,8358.761987
Africa,1972,48.69,537977,11401.94841
Africa,1977,52.79,706367,21745.57328
Africa,1982,56.564,753874,15113.36194
Africa,1987,60.19,880397,11864.40844
Africa,1992,61.366,985739,13522.15752
Africa,1997,60.461,1126189,14722.84188
Africa,2002,56.761,1299304,12521.71392
Africa,2007,56.735,1454867,13206.48452
