continent,year,lifeExp,pop,gdpPercap
Africa,1952,30,284320,485.2306591
Africa,1957,32.065,323150,520.9267111
Africa,1962,33.896,374020,599.650276
Africa,1967,35.857,439593,734.7829124
Africa,1972,38.308,517101,756.0868363
Africa,1977,41.842,608274,884.7552507
Africa,1982,45.58,715523,835.8096108
Africa,1987,49.265,848406,611.6588611
Africa,1992,52.644,1025384,665.6244126
Africa,1997,55.861,1235767,653.7301704
Africa,2002,58.041,1457766,660.5855997
Africa,2007,59.448,1688359,752.7497265
