continent,year,lifeExp,pop,gdpPercap
Asia,1952,60.96,2125900,3054.421209
Asia,1957,64.75,2736300,3629.076457
Asia,1962,67.65,3305200,4692.648272
Asia,1967,70,3722800,6197.962814
Asia,1972,72,4115700,8315.928145
Asia,1977,73.6,4583700,11186.14125
Asia,1982,75.45,5264500,14560.53051
Asia,1987,76.2,5584510,20038.47269
Asia,1992,77.601,5829696,24757.60301
Asia,1997,80,6495918,28377.63219
Asia,2002,81.495,6762476,30209.01516
Asia,2007,82.208,6980412,39724.97867
