continent,year,lifeExp,pop,gdpPercap
Asia,1952,63.03,86459025,3216.956347
Asia,1957,65.5,91563009,4317.694365
Asia,1962,68.73,95831757,6576.649461
Asia,1967,71.43,100825279,9847.788607
Asia,1972,73.42,107188273,14778.78636
Asia,1977,75.38,113872473,16610.37701
Asia,1982,77.11,118454974,19384.10571
Asia,1987,78.67,122091325,22375.94189
Asia,1992,79.36,124329269,26824.89511
Asia,1997,80.69,125956499,28816.58499
Asia,2002,82,127065841,28604.5919
Asia,2007,82.603,127467972,31656.06806
