continent,year,lifeExp,pop,gdpPercap
Asia,1952,45.883,3661549,1643.485354
Asia,1957,48.284,4149908,2117.234893
Asia,1962,50.305,4834621,2193.037133
Asia,1967,53.655,5680812,1881.923632
Asia,1972,57.296,6701172,2571.423014
Asia,1977,61.195,7932503,3195.484582
Asia,1982,64.59,9410494,3761.837715
Asia,1987,66.974,11242847,3116.774285
Asia,1992,69.249,13219062,3340.542768
Asia,1997,71.527,15081016,4014.238972
Asia,2002,73.053,17155814,4090.925331
Asia,2007,74.143,19314747,4184.548089
