continent,year,lifeExp,pop,gdpPercap
Asia,1952,58.5,8550362,1206.947913
Asia,1957,62.4,10164215,1507.86129
Asia,1962,65.2,11918938,1822.879028
Asia,1967,67.5,13648692,2643.858681
Asia,1972,69.39,15226039,4062.523897
Asia,1977,70.59,16785196,5596.519826
Asia,1982,72.16,18501390,7426.354774
Asia,1987,73.4,19757799,11054.56175
Asia,1992,74.26,20686918,15215.6579
Asia,1997,75.25,21628605,20206.82098
Asia,2002,76.99,22454239,23235.42329
Asia,2007,78.4,23174294,28718.27684
