continent,year,lifeExp,pop,gdpPercap
Asia,1952,40.412,26246839,605.0664917
Asia,1957,42.887,28998543,676.2854478
Asia,1962,45.363,33796140,772.0491602
Asia,1967,47.838,39463910,637.1232887
Asia,1972,50.254,44655014,699.5016441
Asia,1977,55.764,50533506,713.5371196
Asia,1982,58.816,56142181,707.2357863
Asia,1987,62.82,62826491,820.7994449
Asia,1992,67.662,69940728,989.0231487
Asia,1997,70.672,76048996,1385.896769
Asia,2002,73.017,80908147,1764.456677
Asia,2007,74.249,85262356,2441.576404
